date,model,usage_total_completion_tokens,usage_total_prompt_tokens,usage_total_cost,dataset,num_tasks,num_tasks_with_too_long_prompts,num_tasks_error,change_representation,new_representation,success_cnt,success_rate,cat_success_cnt_1d_denoising_1c,cat_success_cnt_1d_move_3p,cat_success_cnt_1d_pcopy_1c,cat_success_cnt_1d_recolor_cmp,cat_success_rate_1d_denoising_1c,cat_success_rate_1d_move_3p,cat_success_rate_1d_pcopy_1c,cat_success_rate_1d_recolor_cmp,solved_tasks,solved_tasks_str_comparison,too_long_prompts_all_sampling,too_long_prompts_all_value,too_long_prompts_all_vote,args:_continue_run,args:_backend,args:_model_revision,args:_use_api,args:_task,args:_input_representation,args:_naive_run,args:_search_algo,args:_prompt_sample,args:_method_generate,args:_method_evaluate,args:_method_select,args:_revision,args:_n_generate_sample,args:_n_evaluate_sample,args:_n_select_sample,failure_log,avg_complexity,success_cnt_w/o_str_comparison,success_rate_w/o_str_comparison,error_in_task_solving_1d_pcopy_1c
2024-02-18_19-09-24,gpt-4-1106-preview,1018011,1479235,45.332679999999996,arc_1D,40,0,0,False,0 - 9,24,0.6,9,5,3,7,0.9,0.5,0.3,0.7,"[['1d_denoising_1c_0.json', 1], ['1d_denoising_1c_10.json', 1], ['1d_denoising_1c_13.json', 1], ['1d_denoising_1c_16.json', 1], ['1d_denoising_1c_20.json', 1], ['1d_denoising_1c_21.json', 1], ['1d_denoising_1c_33.json', 1], ['1d_denoising_1c_37.json', 1], ['1d_denoising_1c_42.json', 1], ['1d_move_3p_29.json', 1], ['1d_move_3p_32.json', 1], ['1d_move_3p_33.json', 1], ['1d_move_3p_4.json', 1], ['1d_move_3p_7.json', 1], ['1d_pcopy_1c_2.json', 1], ['1d_pcopy_1c_37.json', 1], ['1d_pcopy_1c_45.json', 1], ['1d_recolor_cmp_12.json', 1], ['1d_recolor_cmp_2.json', 1], ['1d_recolor_cmp_20.json', 1], ['1d_recolor_cmp_3.json', 1], ['1d_recolor_cmp_35.json', 1], ['1d_recolor_cmp_4.json', 1], ['1d_recolor_cmp_47.json', 1]]",[],[],[],[],gpt-4-1106-preview_2024-02-18_19-09-24,gpt-4-1106-preview,,True,arc_1D,,False,bfs,cot,sample,value,greedy,False,4,2,2,,27.416666666666668,24,0.6,
2024-02-18_17-30-16,gpt-3.5-turbo-1106,601565,1080972,2.284102,arc_1D,40,0,0,False,0 - 9,9,0.225,1,4,3,1,0.1,0.4,0.3,0.1,"[['1d_denoising_1c_16.json', 1], ['1d_move_3p_21.json', 1], ['1d_move_3p_22.json', 1], ['1d_move_3p_29.json', 1], ['1d_move_3p_7.json', 1], ['1d_pcopy_1c_30.json', 1], ['1d_pcopy_1c_44.json', 1], ['1d_pcopy_1c_9.json', 1], ['1d_recolor_cmp_4.json', 1]]",[],[],[],[],gpt-3.5-turbo-1106_2024-02-18_17-30-16,gpt-3.5-turbo-1106,,True,arc_1D,,False,bfs,cot,sample,value,greedy,False,4,2,2,,23.333333333333332,9,0.225,
2024-03-12_10-18-23,mistralai/Mixtral-8x7B-Instruct-v0.1,1375944,4059646,,arc_1D,40,0,2,False,0 - 9,5,0.13157894736842105,3,2,0,0,0.3,0.2,0.0,0.0,"[['1d_denoising_1c_0.json', 1], ['1d_denoising_1c_20.json', 1], ['1d_denoising_1c_37.json', 1], ['1d_move_3p_29.json', 1], ['1d_move_3p_7.json', 1]]",[],[],[],[],,mistralai/Mixtral-8x7B-Instruct-v0.1,main,True,arc_1D,,False,bfs,cot,sample,value,greedy,False,4,2,2,"Failed to solve task 1d_pcopy_1c_2. Error:
cannot access local variable 'json_value' where it is not associated with a value

################################################################

Failed to solve task 1d_pcopy_1c_35. Error:
cannot access local variable 'json_value' where it is not associated with a value

################################################################

",22.8,5,0.13157894736842105,"['1d_pcopy_1c_2', '1d_pcopy_1c_35']"
